Handle,Title,Body (HTML),Vendor,Product Category,Type,Tags,Published,Option1 Name,Option1 Value,Option2 Name,Option2 Value,Option3 Name,Option3 Value,Variant SKU,Variant Grams,Variant Inventory Tracker,Variant Inventory Qty,Variant Inventory Policy,Variant Fulfillment Service,Variant Price,Variant Compare At Price,Variant Requires Shipping,Variant Taxable,Variant Barcode,Image Src,Image Position,Image Alt Text,Gift Card,SEO Title,SEO Description,Variant Image,Variant Weight Unit,Variant Tax Code,Cost per item,Status
dk-hw-serum,היאלרוניק ווין,"<p>בוסטר פעיל ועוצמתי על בסיס חומצה היאלורונית והרכב פעיל של תאי גזע של גפנים מזנים ייחודיים המסייעים במיצוק ובהקניית מראה חלק וצעיר יותר.</p><p><strong>למי זה מתאים:</strong></p><ul><li>עור יבש או מתייבש שזקוק ללחות עומק</li><li>מי שרוצה למלא קמטי התייבשות ולחדד את קווי המתאר</li><li>שגרת יסוד לפני קרם – בוקר וערב</li></ul><p><strong>אופן השימוש:</strong> יש למרוח 2–3 טיפות על פנים וצוואר נקיים, בוקר וערב, ולאטום עם קרם לחות.</p>",Dr. Klein,,סרומים,"Dr. Klein, סרומים, Hyaluronic Wine",TRUE,Title,Default Title,,,,,dk-hw-serum,0,shopify,10,deny,manual,578,,TRUE,TRUE,,https://natigold1985.github.io/natigold1985/assets/img/products/dk-hw-serum/1.webp,1,היאלרוניק ווין,FALSE,היאלרוניק ווין | ד״ר קליין | יהודית גולד,בוסטר פעיל ועוצמתי על בסיס חומצה היאלורונית והרכב פעיל של תאי גזע של גפנים מזנים ייחודיים המסייעים במיצוק ובהקניית מראה חלק וצעיר יותר.,,g,,,active
dk-hw-serum,,,,,,,,,,,,,,,,,,,,,,,,,https://natigold1985.github.io/natigold1985/assets/img/products/dk-hw-serum/2.webp,2,היאלרוניק ווין,,,,,,,,
dk-hw-serum,,,,,,,,,,,,,,,,,,,,,,,,,https://natigold1985.github.io/natigold1985/assets/img/products/dk-hw-serum/3.webp,3,היאלרוניק ווין,,,,,,,,
dk-hw-serum,,,,,,,,,,,,,,,,,,,,,,,,,https://natigold1985.github.io/natigold1985/assets/img/products/dk-hw-serum/4.webp,4,היאלרוניק ווין,,,,,,,,
dk-hw-uplift,קרם UP LIFTING,"<p>קרם על בסיס פפטידים ביומימטיים, חומצה היאלורונית והרכב פעיל של תאי גזע של גפנים מזנים ייחודיים המסייעים בהקניית מראה עור חלק, מוצק, מתוח וצעיר יותר – מיועד לכל סוגי העור.</p><p><strong>למי זה מתאים:</strong></p><ul><li>עור בוגר שאיבד גמישות ומוצקות</li><li>מי שמחפש מראה מתוח וקורן לאורך היום</li><li>משלים מצוין לסרום Hyaluronic Wine</li></ul><p><strong>אופן השימוש:</strong> למרוח שכבה דקה על פנים וצוואר נקיים, בעדינות בתנועות עולות, בוקר ו/או ערב.</p>",Dr. Klein,,לחות והזנה,"Dr. Klein, לחות והזנה, Hyaluronic Wine",TRUE,Title,Default Title,,,,,dk-hw-uplift,0,shopify,10,deny,manual,436,,TRUE,TRUE,,https://natigold1985.github.io/natigold1985/assets/img/products/dk-hw-uplift/1.webp,1,קרם UP LIFTING,FALSE,קרם UP LIFTING | ד״ר קליין | יהודית גולד,"קרם על בסיס פפטידים ביומימטיים, חומצה היאלורונית והרכב פעיל של תאי גזע של גפנים מזנים ייחודיים המסייעים בהקניית מראה עור חלק, מוצק, מתוח וצעיר יותר – מיועד",,g,,,active
dk-hw-uplift,,,,,,,,,,,,,,,,,,,,,,,,,https://natigold1985.github.io/natigold1985/assets/img/products/dk-hw-uplift/2.webp,2,קרם UP LIFTING,,,,,,,,
dk-hw-uplift,,,,,,,,,,,,,,,,,,,,,,,,,https://natigold1985.github.io/natigold1985/assets/img/products/dk-hw-uplift/3.webp,3,קרם UP LIFTING,,,,,,,,
dk-hw-uplift,,,,,,,,,,,,,,,,,,,,,,,,,https://natigold1985.github.io/natigold1985/assets/img/products/dk-hw-uplift/4.webp,4,קרם UP LIFTING,,,,,,,,
dk-vino-serum,אמפולת Q10 למניעת הזדקנות מוקדמת,"<p>טיפול אנטי אייג'ינג מרוכז המטפל במכלול סימני הגיל באזור הפנים והצוואר ולהפחתת מראה קמטוטים וקמטים.</p><p><strong>למי זה מתאים:</strong></p><ul><li>עור עייף שזקוק לחידוש ואנרגיה</li><li>מי שמחפש טיפוח פרימיום עם תוצאות נראות</li><li>שלב ראשון בשגרת האנטי-אייג'ינג היומית</li></ul><p><strong>אופן השימוש:</strong> למרוח 2–3 טיפות על פנים וצוואר נקיים ויבשים, בוקר וערב, לפני קרם הלילה.</p>",Dr. Klein,,סרומים,"Dr. Klein, סרומים, Concentrated Anti-Aging Care",TRUE,Title,Default Title,,,,,dk-vino-serum,0,shopify,10,deny,manual,400,,TRUE,TRUE,,https://natigold1985.github.io/natigold1985/assets/img/products/dk-vino-serum/1.webp,1,אמפולת Q10 למניעת הזדקנות מוקדמת,FALSE,אמפולת Q10 למניעת הזדקנות מוקדמת | ד״ר קליין | יהודית גולד,טיפול אנטי אייג'ינג מרוכז המטפל במכלול סימני הגיל באזור הפנים והצוואר ולהפחתת מראה קמטוטים וקמטים.,,g,,,active
dk-vino-serum,,,,,,,,,,,,,,,,,,,,,,,,,https://natigold1985.github.io/natigold1985/assets/img/products/dk-vino-serum/2.webp,2,אמפולת Q10 למניעת הזדקנות מוקדמת,,,,,,,,
dk-vino-serum,,,,,,,,,,,,,,,,,,,,,,,,,https://natigold1985.github.io/natigold1985/assets/img/products/dk-vino-serum/3.webp,3,אמפולת Q10 למניעת הזדקנות מוקדמת,,,,,,,,
dk-vino-serum,,,,,,,,,,,,,,,,,,,,,,,,,https://natigold1985.github.io/natigold1985/assets/img/products/dk-vino-serum/4.webp,4,אמפולת Q10 למניעת הזדקנות מוקדמת,,,,,,,,
dk-vino-cream,נוטרי קרם – Super Food,"<p>קרם עשיר בעל מרקם קטיפתי, מבוסס על הרכב עוצמתי של מרכיבי ""מזונות על"".</p><p><strong>למי זה מתאים:</strong></p><ul><li>עור שזקוק להזנה עשירה ותמיכה יומיומית</li><li>מי שמחפש קרם קטיפתי ומפנק על בסיס מרכיבי ""מזונות על""</li><li>משלים לסרום האנטי-אייג'ינג המרוכז</li></ul><p><strong>אופן השימוש:</strong> למרוח שכבה נדיבה על פנים וצוואר נקיים, בוקר ו/או ערב, ולעסות עד לספיגה מלאה.</p>",Dr. Klein,,לחות והזנה,"Dr. Klein, לחות והזנה, Nutri Cream",TRUE,Title,Default Title,,,,,dk-vino-cream,0,shopify,10,deny,manual,377,,TRUE,TRUE,,https://natigold1985.github.io/natigold1985/assets/img/products/dk-vino-cream/1.webp,1,נוטרי קרם – Super Food,FALSE,נוטרי קרם – Super Food | ד״ר קליין | יהודית גולד,"קרם עשיר בעל מרקם קטיפתי, מבוסס על הרכב עוצמתי של מרכיבי ""מזונות על"".",,g,,,active
dk-vino-cream,,,,,,,,,,,,,,,,,,,,,,,,,https://natigold1985.github.io/natigold1985/assets/img/products/dk-vino-cream/2.webp,2,נוטרי קרם – Super Food,,,,,,,,
dk-vino-cream,,,,,,,,,,,,,,,,,,,,,,,,,https://natigold1985.github.io/natigold1985/assets/img/products/dk-vino-cream/3.webp,3,נוטרי קרם – Super Food,,,,,,,,
dk-vino-cream,,,,,,,,,,,,,,,,,,,,,,,,,https://natigold1985.github.io/natigold1985/assets/img/products/dk-vino-cream/4.webp,4,נוטרי קרם – Super Food,,,,,,,,
dk-res-serum,סרום רסברטרול פרואקטיב,"<p>סרום מרוכז למניעת הזדקנות מוקדמת ולהפחתת מראה קמטים וקמטוטים.</p><p><strong>למי זה מתאים:</strong></p><ul><li>עור החשוף מדי יום לזיהום, שמש ולחות אוויר משתנה</li><li>מי שרוצה למנוע היווצרות קמטים מוקדמת</li><li>גוון עור לא אחיד המצריך איזון</li></ul><p><strong>אופן השימוש:</strong> למרוח על פנים וצוואר נקיים בבוקר, לפני קרם יום עם הגנה מהשמש.</p>",Dr. Klein,,סרומים,"Dr. Klein, סרומים, Segreto del Vino",TRUE,Title,Default Title,,,,,dk-res-serum,0,shopify,10,deny,manual,378,,TRUE,TRUE,,https://natigold1985.github.io/natigold1985/assets/img/products/dk-res-serum/1.webp,1,סרום רסברטרול פרואקטיב,FALSE,סרום רסברטרול פרואקטיב | ד״ר קליין | יהודית גולד,סרום מרוכז למניעת הזדקנות מוקדמת ולהפחתת מראה קמטים וקמטוטים.,,g,,,active
dk-res-serum,,,,,,,,,,,,,,,,,,,,,,,,,https://natigold1985.github.io/natigold1985/assets/img/products/dk-res-serum/2.webp,2,סרום רסברטרול פרואקטיב,,,,,,,,
dk-res-serum,,,,,,,,,,,,,,,,,,,,,,,,,https://natigold1985.github.io/natigold1985/assets/img/products/dk-res-serum/3.webp,3,סרום רסברטרול פרואקטיב,,,,,,,,
dk-res-serum,,,,,,,,,,,,,,,,,,,,,,,,,https://natigold1985.github.io/natigold1985/assets/img/products/dk-res-serum/4.webp,4,סרום רסברטרול פרואקטיב,,,,,,,,
dk-sf-serum,סרום אנטיאוקסידנטים אינטנסיבי,"<p>מרוכז נוגדי חמצון שממריץ תהליכים ביולוגיים ומעניק לעור זוהר בריא.</p><p><strong>למי זה מתאים:</strong></p><ul><li>עור עייף וחסר ברק שזקוק ל'זריקת אנרגיה'</li><li>מי שמחפש טיפוח אינטנסיבי לשימוש יומי</li><li>כל סוגי העור, כולל עור רגיש</li></ul><p><strong>אופן השימוש:</strong> למרוח 2–3 טיפות על פנים נקיות בבוקר, ולאטום עם קרם הזנה.</p>",Dr. Klein,,סרומים,"Dr. Klein, סרומים, Intensive Care Antioxidant",TRUE,Title,Default Title,,,,,dk-sf-serum,0,shopify,10,deny,manual,413,,TRUE,TRUE,,https://natigold1985.github.io/natigold1985/assets/img/products/dk-sf-serum/1.webp,1,סרום אנטיאוקסידנטים אינטנסיבי,FALSE,סרום אנטיאוקסידנטים אינטנסיבי | ד״ר קליין | יהודית גולד,מרוכז נוגדי חמצון שממריץ תהליכים ביולוגיים ומעניק לעור זוהר בריא.,,g,,,active
dk-sf-serum,,,,,,,,,,,,,,,,,,,,,,,,,https://natigold1985.github.io/natigold1985/assets/img/products/dk-sf-serum/2.webp,2,סרום אנטיאוקסידנטים אינטנסיבי,,,,,,,,
dk-sf-serum,,,,,,,,,,,,,,,,,,,,,,,,,https://natigold1985.github.io/natigold1985/assets/img/products/dk-sf-serum/3.webp,3,סרום אנטיאוקסידנטים אינטנסיבי,,,,,,,,
dk-sf-serum,,,,,,,,,,,,,,,,,,,,,,,,,https://natigold1985.github.io/natigold1985/assets/img/products/dk-sf-serum/4.webp,4,סרום אנטיאוקסידנטים אינטנסיבי,,,,,,,,
dk-sf-cream,קרם שיקומי מועשר אסטר C + אלפא-ליפואית ACAL,"<p>קרם עשיר בעל ריכוזים גבוהים של נוגדי חמצון פעילים ומקופסלים. מתאים לעור יבש ויבש מאוד.</p><p><strong>למי זה מתאים:</strong></p><ul><li>שימוש יומיומי לכל סוגי העור</li><li>עור שזקוק להזנה עשירה ולתחושת רכות</li><li>משלים מעולה לסרום האנטיאוקסידנטים</li></ul><p><strong>אופן השימוש:</strong> למרוח שכבה דקה על פנים וצוואר נקיים בבוקר, כשלב האחרון בשגרה.</p>",Dr. Klein,,לחות והזנה,"Dr. Klein, לחות והזנה, Total Anti-Aging AC+AL",TRUE,Title,Default Title,,,,,dk-sf-cream,0,shopify,10,deny,manual,367,,TRUE,TRUE,,https://natigold1985.github.io/natigold1985/assets/img/products/dk-sf-cream/1.webp,1,קרם שיקומי מועשר אסטר C + אלפא-ליפואית ACAL,FALSE,קרם שיקומי מועשר אסטר C + אלפא-ליפואית ACAL | ד״ר קליין | יהודית גולד,קרם עשיר בעל ריכוזים גבוהים של נוגדי חמצון פעילים ומקופסלים. מתאים לעור יבש ויבש מאוד.,,g,,,active
dk-sf-cream,,,,,,,,,,,,,,,,,,,,,,,,,https://natigold1985.github.io/natigold1985/assets/img/products/dk-sf-cream/2.webp,2,קרם שיקומי מועשר אסטר C + אלפא-ליפואית ACAL,,,,,,,,
dk-sf-cream,,,,,,,,,,,,,,,,,,,,,,,,,https://natigold1985.github.io/natigold1985/assets/img/products/dk-sf-cream/3.webp,3,קרם שיקומי מועשר אסטר C + אלפא-ליפואית ACAL,,,,,,,,
dk-sf-cream,,,,,,,,,,,,,,,,,,,,,,,,,https://natigold1985.github.io/natigold1985/assets/img/products/dk-sf-cream/4.webp,4,קרם שיקומי מועשר אסטר C + אלפא-ליפואית ACAL,,,,,,,,
dk-deep-serum,טיפול מרוכז – ליפטינג,"<p>טיפול המבוסס על פפטידים המסייע בהקניית מראה מתוח ומוצק, משפר ומפחית מראה קמטוטים וקמטים באופן מיידי.</p><p><strong>למי זה מתאים:</strong></p><ul><li>עור שעבר טיפול מקצועי במכון ודורש המשך טיפול בית</li><li>מי שמחפש תוצאות אינטנסיביות ונראות לעין</li><li>עור עם קמטים, נקבוביות בולטות או מרקם לא אחיד</li></ul><p><strong>אופן השימוש:</strong> למרוח על פנים וצוואר נקיים בערב, בהתאם להנחיית הקוסמטיקאית.</p>",Dr. Klein,,סרומים,"Dr. Klein, סרומים, Intensive Care Lifting",TRUE,Title,Default Title,,,,,dk-deep-serum,0,shopify,10,deny,manual,448,,TRUE,TRUE,,https://natigold1985.github.io/natigold1985/assets/img/products/dk-deep-serum/1.webp,1,טיפול מרוכז – ליפטינג,FALSE,טיפול מרוכז – ליפטינג | ד״ר קליין | יהודית גולד,"טיפול המבוסס על פפטידים המסייע בהקניית מראה מתוח ומוצק, משפר ומפחית מראה קמטוטים וקמטים באופן מיידי.",,g,,,active
dk-deep-serum,,,,,,,,,,,,,,,,,,,,,,,,,https://natigold1985.github.io/natigold1985/assets/img/products/dk-deep-serum/2.webp,2,טיפול מרוכז – ליפטינג,,,,,,,,
dk-deep-serum,,,,,,,,,,,,,,,,,,,,,,,,,https://natigold1985.github.io/natigold1985/assets/img/products/dk-deep-serum/3.webp,3,טיפול מרוכז – ליפטינג,,,,,,,,
dk-deep-serum,,,,,,,,,,,,,,,,,,,,,,,,,https://natigold1985.github.io/natigold1985/assets/img/products/dk-deep-serum/4.webp,4,טיפול מרוכז – ליפטינג,,,,,,,,
dk-deep-cream,קרם בקוצ'יול,"<p>קרם אנטי אייג'ינג עוצמתי ומרוכז במיוחד, מכיל שילוב ייחודי של מרכיבי לחות פעילים המסייעים למיצוק כולל בקוצ'יול, הענקת גוון עור אחיד ולחות למראה עור בריא.</p><p><strong>למי זה מתאים:</strong></p><ul><li>השלמה לסרום DEEP וטיפולי המכון</li><li>עור המצריך חידוש עדין ותמיכה ממושכת</li><li>עור יבש עד רגיל, כולל עור רגיש לרטינול קלאסי</li></ul><p><strong>אופן השימוש:</strong> למרוח שכבה עשירה על פנים וצוואר נקיים, בוקר וערב.</p>",Dr. Klein,,לחות והזנה,"Dr. Klein, לחות והזנה, DEEP · Bakuchiol Cream",TRUE,Title,Default Title,,,,,dk-deep-cream,0,shopify,10,deny,manual,448,,TRUE,TRUE,,https://natigold1985.github.io/natigold1985/assets/img/products/dk-deep-cream/1.webp,1,קרם בקוצ'יול,FALSE,קרם בקוצ'יול | ד״ר קליין | יהודית גולד,"קרם אנטי אייג'ינג עוצמתי ומרוכז במיוחד, מכיל שילוב ייחודי של מרכיבי לחות פעילים המסייעים למיצוק כולל בקוצ'יול, הענקת גוון עור אחיד ולחות למראה עור בריא.",,g,,,active
dk-deep-cream,,,,,,,,,,,,,,,,,,,,,,,,,https://natigold1985.github.io/natigold1985/assets/img/products/dk-deep-cream/2.webp,2,קרם בקוצ'יול,,,,,,,,
dk-deep-cream,,,,,,,,,,,,,,,,,,,,,,,,,https://natigold1985.github.io/natigold1985/assets/img/products/dk-deep-cream/3.webp,3,קרם בקוצ'יול,,,,,,,,
dk-deep-cream,,,,,,,,,,,,,,,,,,,,,,,,,https://natigold1985.github.io/natigold1985/assets/img/products/dk-deep-cream/4.webp,4,קרם בקוצ'יול,,,,,,,,
dk-bb-body,בודי באדי – קרם לצלוליט,"<p>קרם המשלב חומרים המסייעים בשריפת שומנים, מעודדים זרימת דם, להשבת מראה ישבן מוצק יותר.</p><p><strong>למי זה מתאים:</strong></p><ul><li>אזורים עם מראה צלוליט (ירכיים, ישבן, בטן)</li><li>מי שרוצה לשפר את מראה העור המחוספס ולעודד זרימת דם</li><li>המשך טבעי לפילינג הגוף בודי באדי</li></ul><p><strong>אופן השימוש:</strong> לעסות באזורים הרצויים בתנועות סיבוביות פעם עד פעמיים ביום, על עור נקי ויבש.</p>",Dr. Klein,,לחות והזנה,"Dr. Klein, לחות והזנה, Body Buddy",TRUE,Title,Default Title,,,,,dk-bb-body,0,shopify,10,deny,manual,383,,TRUE,TRUE,,,,,FALSE,בודי באדי – קרם לצלוליט | ד״ר קליין | יהודית גולד,"קרם המשלב חומרים המסייעים בשריפת שומנים, מעודדים זרימת דם, להשבת מראה ישבן מוצק יותר.",,g,,,active
dk-glyco-gel,קרם לקטי 10% לטיפול בלילה,"<p>טיפול לילה עשיר באנטי אוקסידנטים עוצמתיים והרכב חומצות לשיפור מרקם ומראה העור ולהפחתת מראה קמטים וקמטוטים.</p><p><strong>למי זה מתאים:</strong></p><ul><li>עור עם מרקם לא אחיד, נקבוביות בולטות או כתמים</li><li>מי שרוצה חידוש עדין ללא גירוי מיותר</li><li>לא מיועד לעור רגיש במיוחד – מומלץ ייעוץ קוסמטיקאית</li></ul><p><strong>אופן השימוש:</strong> למרוח שכבה דקה על פנים נקיות ויבשות בערב, ולהשתמש בהגנה מהשמש למחרת בבוקר.</p>",Dr. Klein,,הבהרה,"Dr. Klein, הבהרה, 10% Lactic Acid",TRUE,Title,Default Title,,,,,dk-glyco-gel,0,shopify,10,deny,manual,366,,TRUE,TRUE,,https://natigold1985.github.io/natigold1985/assets/img/products/dk-glyco-gel/1.webp,1,קרם לקטי 10% לטיפול בלילה,FALSE,קרם לקטי 10% לטיפול בלילה | ד״ר קליין | יהודית גולד,טיפול לילה עשיר באנטי אוקסידנטים עוצמתיים והרכב חומצות לשיפור מרקם ומראה העור ולהפחתת מראה קמטים וקמטוטים.,,g,,,active
dk-glyco-gel,,,,,,,,,,,,,,,,,,,,,,,,,https://natigold1985.github.io/natigold1985/assets/img/products/dk-glyco-gel/2.webp,2,קרם לקטי 10% לטיפול בלילה,,,,,,,,
dk-glyco-gel,,,,,,,,,,,,,,,,,,,,,,,,,https://natigold1985.github.io/natigold1985/assets/img/products/dk-glyco-gel/3.webp,3,קרם לקטי 10% לטיפול בלילה,,,,,,,,
dk-glyco-gel,,,,,,,,,,,,,,,,,,,,,,,,,https://natigold1985.github.io/natigold1985/assets/img/products/dk-glyco-gel/4.webp,4,קרם לקטי 10% לטיפול בלילה,,,,,,,,
dk-bright-serum,קרם הבהרה אקטיבי לטיפול בלילה,"<p>קרם הבהרה פעיל ואפקטיבי במיוחד להבהרת העור ולטיפול בכתמי פיגמנטציה.</p><p><strong>למי זה מתאים:</strong></p><ul><li>כתמי גיל, כתמי שמש או צלקות אקנה שדהו</li><li>גוון עור לא אחיד המצריך טיפול ממוקד</li><li>מי שרוצה מראה קורן ובהיר יותר</li></ul><p><strong>אופן השימוש:</strong> למרוח על הפנים בערב, על עור נקי ויבש, בשילוב הגנה יומית מהשמש למחרת.</p>",Dr. Klein,,הבהרה,"Dr. Klein, הבהרה, Active Brightening",TRUE,Title,Default Title,,,,,dk-bright-serum,0,shopify,10,deny,manual,400,,TRUE,TRUE,,https://natigold1985.github.io/natigold1985/assets/img/products/dk-bright-serum/1.webp,1,קרם הבהרה אקטיבי לטיפול בלילה,FALSE,קרם הבהרה אקטיבי לטיפול בלילה | ד״ר קליין | יהודית גולד,קרם הבהרה פעיל ואפקטיבי במיוחד להבהרת העור ולטיפול בכתמי פיגמנטציה.,,g,,,active
dk-bright-serum,,,,,,,,,,,,,,,,,,,,,,,,,https://natigold1985.github.io/natigold1985/assets/img/products/dk-bright-serum/2.webp,2,קרם הבהרה אקטיבי לטיפול בלילה,,,,,,,,
dk-bright-serum,,,,,,,,,,,,,,,,,,,,,,,,,https://natigold1985.github.io/natigold1985/assets/img/products/dk-bright-serum/3.webp,3,קרם הבהרה אקטיבי לטיפול בלילה,,,,,,,,
dk-bright-serum,,,,,,,,,,,,,,,,,,,,,,,,,https://natigold1985.github.io/natigold1985/assets/img/products/dk-bright-serum/4.webp,4,קרם הבהרה אקטיבי לטיפול בלילה,,,,,,,,
dk-eye-cream,קרם עיניים אקטיבי,"<p>טיפול ממוקד לאזור העדין – מפחית נפיחות, קמטוטים ומראה עייף סביב העין.</p><p><strong>למי זה מתאים:</strong></p><ul><li>נפיחות, עיגולים כהים ומראה עייף סביב העיניים</li><li>קמטוטי מחייך ועור דק ורגיש באזור העין</li><li>שימוש יומי כחלק משגרת אנטי-אייג'ינג</li></ul><p><strong>אופן השימוש:</strong> לטפטף כמות קטנה בקצות האצבעות ולטפוח בעדינות מסביב לעיניים, בוקר וערב.</p>",Dr. Klein,,עיניים וצוואר,"Dr. Klein, עיניים וצוואר, Active Eye Cream",TRUE,Title,Default Title,,,,,dk-eye-cream,0,shopify,10,deny,manual,376,,TRUE,TRUE,,https://natigold1985.github.io/natigold1985/assets/img/products/dk-eye-cream/1.webp,1,קרם עיניים אקטיבי,FALSE,קרם עיניים אקטיבי | ד״ר קליין | יהודית גולד,"טיפול ממוקד לאזור העדין – מפחית נפיחות, קמטוטים ומראה עייף סביב העין.",,g,,,active
dk-eye-cream,,,,,,,,,,,,,,,,,,,,,,,,,https://natigold1985.github.io/natigold1985/assets/img/products/dk-eye-cream/2.webp,2,קרם עיניים אקטיבי,,,,,,,,
dk-eye-cream,,,,,,,,,,,,,,,,,,,,,,,,,https://natigold1985.github.io/natigold1985/assets/img/products/dk-eye-cream/3.webp,3,קרם עיניים אקטיבי,,,,,,,,
dk-eye-cream,,,,,,,,,,,,,,,,,,,,,,,,,https://natigold1985.github.io/natigold1985/assets/img/products/dk-eye-cream/4.webp,4,קרם עיניים אקטיבי,,,,,,,,
dk-neck-cream,קרם אולטימייט צוואר ומחשוף,"<p>קרם עשיר המקנה מראה מורם, מהודק ומוצק באזור הצוואר, יוצר גוון אחיד ומפחית מראה של פיגמנטציה באזור הצוואר והמחשוף.</p><p><strong>למי זה מתאים:</strong></p><ul><li>צוואר ומחשוף שמסגירים גיל לפני הפנים</li><li>עור רפוי או עם קווי התייבשות באזור הצוואר</li><li>המשך טבעי לשגרת הטיפוח בפנים</li></ul><p><strong>אופן השימוש:</strong> למרוח בתנועות עולות מהחזה כלפי הסנטר, בוקר וערב, על עור נקי.</p>",Dr. Klein,,עיניים וצוואר,"Dr. Klein, עיניים וצוואר, Neck and Décolleté Ultimate Cream",TRUE,Title,Default Title,,,,,dk-neck-cream,0,shopify,10,deny,manual,400,,TRUE,TRUE,,https://natigold1985.github.io/natigold1985/assets/img/products/dk-neck-cream/1.webp,1,קרם אולטימייט צוואר ומחשוף,FALSE,קרם אולטימייט צוואר ומחשוף | ד״ר קליין | יהודית גולד,"קרם עשיר המקנה מראה מורם, מהודק ומוצק באזור הצוואר, יוצר גוון אחיד ומפחית מראה של פיגמנטציה באזור הצוואר והמחשוף.",,g,,,active
dk-neck-cream,,,,,,,,,,,,,,,,,,,,,,,,,https://natigold1985.github.io/natigold1985/assets/img/products/dk-neck-cream/2.webp,2,קרם אולטימייט צוואר ומחשוף,,,,,,,,
dk-neck-cream,,,,,,,,,,,,,,,,,,,,,,,,,https://natigold1985.github.io/natigold1985/assets/img/products/dk-neck-cream/3.webp,3,קרם אולטימייט צוואר ומחשוף,,,,,,,,
dk-neck-cream,,,,,,,,,,,,,,,,,,,,,,,,,https://natigold1985.github.io/natigold1985/assets/img/products/dk-neck-cream/4.webp,4,קרם אולטימייט צוואר ומחשוף,,,,,,,,
dk-cleanse-milk,סבון מיוחד,"<p>סבון מעודן, מתאים לחומציות העור, בעל כושר חיטוי, אינו גורם לגירוי של עור הפנים.</p><p><strong>למי זה מתאים:</strong></p><ul><li>כל סוגי העור, כולל עור רגיש ויבש</li><li>מי שמחפש ניקוי עדין שלא מותיר תחושת מתיחות</li><li>הסרת איפור יומיומית וניקוי ערב</li></ul><p><strong>אופן השימוש:</strong> לעסות על פנים לחות, לשטוף במים פושרים ולייבש בטפיחות עדינות.</p>",Dr. Klein,,ניקוי טיפולי,"Dr. Klein, ניקוי טיפולי, Unique Soap",TRUE,Title,Default Title,,,,,dk-cleanse-milk,0,shopify,10,deny,manual,208,,TRUE,TRUE,,https://natigold1985.github.io/natigold1985/assets/img/products/dk-cleanse-milk/1.webp,1,סבון מיוחד,FALSE,סבון מיוחד | ד״ר קליין | יהודית גולד,"סבון מעודן, מתאים לחומציות העור, בעל כושר חיטוי, אינו גורם לגירוי של עור הפנים.",,g,,,active
dk-cleanse-milk,,,,,,,,,,,,,,,,,,,,,,,,,https://natigold1985.github.io/natigold1985/assets/img/products/dk-cleanse-milk/2.webp,2,סבון מיוחד,,,,,,,,
dk-cleanse-milk,,,,,,,,,,,,,,,,,,,,,,,,,https://natigold1985.github.io/natigold1985/assets/img/products/dk-cleanse-milk/3.webp,3,סבון מיוחד,,,,,,,,
dk-tonic,סבון אלפא אזלאי AAC,"<p>סבון אנטיספטי ואנטי בקטריאלי המבוסס על חומצות, בעל כושר ניקוי גבוה, מסיר תאים מתים וממיס שומן עודף.</p><p><strong>למי זה מתאים:</strong></p><ul><li>שלב שני אחרי הניקוי, לפני הסרומים והקרמים</li><li>עור שזקוק לאיזון ורענון מיידי</li><li>כל סוגי העור</li></ul><p><strong>אופן השימוש:</strong> לפזר מעט על פני העור לאחר הניקוי, בוקר וערב, ולעסות עד לספיגה.</p>",Dr. Klein,,ניקוי טיפולי,"Dr. Klein, ניקוי טיפולי, Treatment Care Soap AAC",TRUE,Title,Default Title,,,,,dk-tonic,0,shopify,10,deny,manual,231,,TRUE,TRUE,,https://natigold1985.github.io/natigold1985/assets/img/products/dk-tonic/1.webp,1,סבון אלפא אזלאי AAC,FALSE,סבון אלפא אזלאי AAC | ד״ר קליין | יהודית גולד,"סבון אנטיספטי ואנטי בקטריאלי המבוסס על חומצות, בעל כושר ניקוי גבוה, מסיר תאים מתים וממיס שומן עודף.",,g,,,active
dk-tonic,,,,,,,,,,,,,,,,,,,,,,,,,https://natigold1985.github.io/natigold1985/assets/img/products/dk-tonic/2.webp,2,סבון אלפא אזלאי AAC,,,,,,,,
dk-tonic,,,,,,,,,,,,,,,,,,,,,,,,,https://natigold1985.github.io/natigold1985/assets/img/products/dk-tonic/3.webp,3,סבון אלפא אזלאי AAC,,,,,,,,
dk-tonic,,,,,,,,,,,,,,,,,,,,,,,,,https://natigold1985.github.io/natigold1985/assets/img/products/dk-tonic/4.webp,4,סבון אלפא אזלאי AAC,,,,,,,,
dk-moist-rich,קרם פרזרב A+,"<p>קרם טיפולי פעיל על בסיס חומצות אלפא ובטא, המיועד לטיפול בסימני הזדקנות העור.</p><p><strong>למי זה מתאים:</strong></p><ul><li>עור יבש מאוד או מיובש (חורף, מיזוג, טיסות)</li><li>מי שזקוק למרקם עשיר ומזין במיוחד</li><li>שימוש כקרם יום ו/או לילה</li></ul><p><strong>אופן השימוש:</strong> למרוח שכבה נדיבה על פנים וצוואר נקיים, בוקר ו/או ערב, לפי צורך העור.</p>",Dr. Klein,,לחות והזנה,"Dr. Klein, לחות והזנה, Preserve Cream A+",TRUE,Title,Default Title,,,,,dk-moist-rich,0,shopify,10,deny,manual,396,,TRUE,TRUE,,https://natigold1985.github.io/natigold1985/assets/img/products/dk-moist-rich/1.webp,1,קרם פרזרב A+,FALSE,קרם פרזרב A+ | ד״ר קליין | יהודית גולד,"קרם טיפולי פעיל על בסיס חומצות אלפא ובטא, המיועד לטיפול בסימני הזדקנות העור.",,g,,,active
dk-moist-rich,,,,,,,,,,,,,,,,,,,,,,,,,https://natigold1985.github.io/natigold1985/assets/img/products/dk-moist-rich/2.webp,2,קרם פרזרב A+,,,,,,,,
dk-moist-rich,,,,,,,,,,,,,,,,,,,,,,,,,https://natigold1985.github.io/natigold1985/assets/img/products/dk-moist-rich/3.webp,3,קרם פרזרב A+,,,,,,,,
dk-moist-rich,,,,,,,,,,,,,,,,,,,,,,,,,https://natigold1985.github.io/natigold1985/assets/img/products/dk-moist-rich/4.webp,4,קרם פרזרב A+,,,,,,,,
dk-spf50,קרם BB הגנה SPF 50,"<p>קרם BB עם הגנה רחבת טווח מפני קרינת UVA/UVB, מרקם קליל וגימור מאחיד – לשימוש יומי.</p><p><strong>למי זה מתאים:</strong></p><ul><li>שימוש יומי לכל סוגי העור, כתחליף לאיפור בסיס</li><li>מי שעובר טיפולי הבהרה/פילינג וזקוק להגנה קפדנית</li><li>מניעת הזדקנות מוקדמת מהשמש</li></ul><p><strong>אופן השימוש:</strong> למרוח כשכבה אחרונה בשגרת הבוקר, כ-20 דקות לפני יציאה לשמש, ולחדש כל 2–3 שעות בחשיפה ממושכת.</p>",Dr. Klein,,הגנה מהשמש,"Dr. Klein, הגנה מהשמש, BB Cream SPF50",TRUE,Title,Default Title,,,,,dk-spf50,0,shopify,10,deny,manual,189,,TRUE,TRUE,,https://natigold1985.github.io/natigold1985/assets/img/products/dk-spf50/1.webp,1,קרם BB הגנה SPF 50,FALSE,קרם BB הגנה SPF 50 | ד״ר קליין | יהודית גולד,"קרם BB עם הגנה רחבת טווח מפני קרינת UVA/UVB, מרקם קליל וגימור מאחיד – לשימוש יומי.",,g,,,active
dk-spf50,,,,,,,,,,,,,,,,,,,,,,,,,https://natigold1985.github.io/natigold1985/assets/img/products/dk-spf50/2.webp,2,קרם BB הגנה SPF 50,,,,,,,,
dk-spf50,,,,,,,,,,,,,,,,,,,,,,,,,https://natigold1985.github.io/natigold1985/assets/img/products/dk-spf50/3.webp,3,קרם BB הגנה SPF 50,,,,,,,,
